1,0xEeb0Ca65C86d08d43ADc502F39eEb1628Bfd4175
2,0x9631d389A1FA14996d93d3Bd1948A4e844eEcad7
3,0x15f43804e1B67e498C3815D057fAeCDa5CbEdDf2
4,0xaF423481bb944D161EC44e01C8C2015314Ba290B
5,0x0A48CF89cd63BB24459a990d5a89D31B6A92D0DD
6,0x628E74EAE7F91f0A6cde507726b219E4119ECd3B
7,0x51360d99966724B2603182cC367AB9621d96EEd2
8,0xEeb0Ca65C86d08d43ADc502F39eEb1628Bfd4175
9,0xa954B7233974944a681957De8385B46B855ffd41
10,0xa954B7233974944a681957De8385B46B855ffd41
11,0x94E3d321DDaeAbD8EB68413fe906b95Cb3a182D3
12,0xaF423481bb944D161EC44e01C8C2015314Ba290B
13,0xaF423481bb944D161EC44e01C8C2015314Ba290B
14,0x71Bb9BD882e8cd0D118C8D9CaFC63b1C51da9C14
15,0x9CED3bDC0e6ff65C3f072b0b5527184843Ed4eaf
16,0x8f127fC20c99FA5021b3A668F61894E8C24b1eb5
17,0xaF423481bb944D161EC44e01C8C2015314Ba290B
18,0x8f127fC20c99FA5021b3A668F61894E8C24b1eb5
19,0x31e99699bCCde902afc7C4B6b23bB322b8459d22
20,0xb90ed4c123843cbFD66b11411Ee7694eF37E6E72
21,0xEeb0Ca65C86d08d43ADc502F39eEb1628Bfd4175
22,0xB069637E3912FCB7f3d0DF8f0F84e553881f3de8
23,0x6e43f1951Be85a12Ff95d6f7300E6fdb7436928b
24,0xa954B7233974944a681957De8385B46B855ffd41
25,0x59395D88307b4522Df0E29222720FC37e850876b
26,0x925aFeB19355E289ED1346EDE709633cA8788b25
27,0xa954B7233974944a681957De8385B46B855ffd41
28,0x1Cfa8cf9ADcbfA163c7cf9Ff4Fd7dA936C77a310
29,0x63B7D0006102E672e6936FCfe6197E4c782F51d4
30,0xa954B7233974944a681957De8385B46B855ffd41
31,0xEeb0Ca65C86d08d43ADc502F39eEb1628Bfd4175
32,0xEeb0Ca65C86d08d43ADc502F39eEb1628Bfd4175
33,0xb90ed4c123843cbFD66b11411Ee7694eF37E6E72
34,0xFAf60E584b4137D902622198449D91Cee90bA24d
35,0x2aE5f36C77A736f76d61F3eEC06F12CAF2963fD6
36,0x2aE5f36C77A736f76d61F3eEC06F12CAF2963fD6
37,0x644CBf32DCa2Ac7044E31dF5d4Bd20E036711D6F
38,0x02C1ca960532947A45d40A752944cd9648cCF900
39,0x0382572791B5dE9A979962B768a49b7776188dBA
40,0x0382572791B5dE9A979962B768a49b7776188dBA
41,0x64084D818a908d809D0754DC09e32834c048342B
42,0x0382572791B5dE9A979962B768a49b7776188dBA
43,0x51360d99966724B2603182cC367AB9621d96EEd2
44,0x0382572791B5dE9A979962B768a49b7776188dBA
45,0xEeb0Ca65C86d08d43ADc502F39eEb1628Bfd4175
46,0x64084D818a908d809D0754DC09e32834c048342B
47,0xEeb0Ca65C86d08d43ADc502F39eEb1628Bfd4175
48,0xAc5914F52D77198d16B0Eaa6c976e48110ADce08
49,0xb90ed4c123843cbFD66b11411Ee7694eF37E6E72
50,0xD62c014B45a35F78bcf465d75ADa029C94fdabf9
51,0x1302faD52b97946bf9D673cF89e31DF5dC4F3845
52,0xb90ed4c123843cbFD66b11411Ee7694eF37E6E72
53,0xEeb0Ca65C86d08d43ADc502F39eEb1628Bfd4175
54,0x9CED3bDC0e6ff65C3f072b0b5527184843Ed4eaf
55,0xECaA643997033B1bA605D32748cfE9bdAd141880
56,0x64084D818a908d809D0754DC09e32834c048342B
57,0xEeb0Ca65C86d08d43ADc502F39eEb1628Bfd4175
58,0xb9D16523603666f79eB050c7C97d77A002fe237a
59,0x6dfF1d922A97fDA351aAd8c5F7e8f69bE187E0a6
60,0x49f2495a1FB4fD0Fc90a10706B598B4594409A88
61,0xEeb0Ca65C86d08d43ADc502F39eEb1628Bfd4175
62,0x6dfF1d922A97fDA351aAd8c5F7e8f69bE187E0a6
63,0xb90ed4c123843cbFD66b11411Ee7694eF37E6E72
64,0xFC51eC7a147C1fCcDA2732229CBe2fb3A6124975
65,0xD5e820430087D5bACF686D40678B4bA7b6dD670e
66,0x9631d389A1FA14996d93d3Bd1948A4e844eEcad7
67,0xC7bcBE313ed75e385498077aE32C1246A4cA7286
68,0x40C8714dc315AE9eF8e5226DE437D067F23aF038
69,0xAB81BE93F28664DaF0c1638b483e4f9D2539446e
70,0xC7bcBE313ed75e385498077aE32C1246A4cA7286
71,0xD5e820430087D5bACF686D40678B4bA7b6dD670e
72,0x40C8714dc315AE9eF8e5226DE437D067F23aF038
73,0xb9D16523603666f79eB050c7C97d77A002fe237a
74,0x40b767D119dbC81547cC13C6c55B6eD40A6506F1
75,0x51360d99966724B2603182cC367AB9621d96EEd2
76,0xE96FccC51560cAD9f712ed2bc9dE564F13B0D8c1
77,0xC7bcBE313ed75e385498077aE32C1246A4cA7286
78,0xEeb0Ca65C86d08d43ADc502F39eEb1628Bfd4175
79,0x1D3A9a01d1476A1eEa9e230CB5Ae4ED3ccf0C041
80,0xbf70e07186C442055218bF20c50522478235c4a0
81,0x90f1399bBebc07AFB9b83709413EEBa351Ac645B
82,0x342cD0e754BD5960B7C2bc5325375b567217218a
83,0xB3B212da1F50DE8eCDE59C932e36DF7aFb6319cB
84,0xEeb0Ca65C86d08d43ADc502F39eEb1628Bfd4175
85,0xC7bcBE313ed75e385498077aE32C1246A4cA7286
86,0xA49958fa14309F3720159c83cD92C5F38B1e3306
87,0xf930a731f1d22fcbeA9d18F82A2154547d85a83b
88,0xe5F21BD34C97Fa043a7a6A61cC1892b89d483f19
89,0xA49958fa14309F3720159c83cD92C5F38B1e3306
90,0xe5F21BD34C97Fa043a7a6A61cC1892b89d483f19
91,0xB56acF5DC184B18A5EaB752F837071F0d5A8B771
92,0x2Ee8670d2b936985D5fb1EE968810c155D3bB9cA
93,0x699A9Dad994E9B9E5f9DF09441934c22555636d0
94,0xb5360d78643A0B0F39B4f32c629A2A920b74E3dC
95,0x6B67623ff56c10d9dcFc2152425f90285fC74DDD
96,0x6B67623ff56c10d9dcFc2152425f90285fC74DDD
97,0xE96FccC51560cAD9f712ed2bc9dE564F13B0D8c1
98,0xC7bcBE313ed75e385498077aE32C1246A4cA7286
99,0x99E060E20ecA95feD24eCFb291161cB8069BFe85
100,0xC7bcBE313ed75e385498077aE32C1246A4cA7286
101,0x99E060E20ecA95feD24eCFb291161cB8069BFe85
102,0xB8f65F2297aF02D103b2EdE5681e0101F1557330
103,0xdd1Df994aF2fb033B4d5325f6A8b7cf8eFf54b4c
104,0x6B67623ff56c10d9dcFc2152425f90285fC74DDD
105,0x6153A3300617f1EB511D3F890e872Fa5F87c2D6E
106,0xdd1Df994aF2fb033B4d5325f6A8b7cf8eFf54b4c
107,0x99E060E20ecA95feD24eCFb291161cB8069BFe85
108,0x99E060E20ecA95feD24eCFb291161cB8069BFe85
109,0x1ccD2496090C53687572EDc2b62c3b58B6799BBD
110,0x6B67623ff56c10d9dcFc2152425f90285fC74DDD
111,0xC5666b5c1F1077ae5c1A41D63efE8290Abb9E0F0
112,0x99E060E20ecA95feD24eCFb291161cB8069BFe85
113,0x99E060E20ecA95feD24eCFb291161cB8069BFe85
114,0x6B67623ff56c10d9dcFc2152425f90285fC74DDD
115,0xe0D209b7324d982BACb757F724EbE00a9792aC28
116,0xEEBBC5F62db1CECCb0c2107A9d9E55de84D8CF6f
117,0xe0D209b7324d982BACb757F724EbE00a9792aC28
118,0xBA14B3ac2aa1385a1bA8701B493351907193b47B
119,0xe0D209b7324d982BACb757F724EbE00a9792aC28
120,0x40C8714dc315AE9eF8e5226DE437D067F23aF038
121,0xe0D209b7324d982BACb757F724EbE00a9792aC28
122,0xC7bcBE313ed75e385498077aE32C1246A4cA7286
123,0xE113E7B1E8Ecd07973EA40978aED520241d17f27
124,0xC7bcBE313ed75e385498077aE32C1246A4cA7286
125,0x6B67623ff56c10d9dcFc2152425f90285fC74DDD
126,0xe0D209b7324d982BACb757F724EbE00a9792aC28
127,0xC7bcBE313ed75e385498077aE32C1246A4cA7286
128,0xF238d3743Fb599B80904f4f4082fc5b67e0D647A
129,0xF238d3743Fb599B80904f4f4082fc5b67e0D647A
130,0x6dfF1d922A97fDA351aAd8c5F7e8f69bE187E0a6
131,0x51360d99966724B2603182cC367AB9621d96EEd2
132,0x6B67623ff56c10d9dcFc2152425f90285fC74DDD
133,0xC7bcBE313ed75e385498077aE32C1246A4cA7286
134,0xe0D209b7324d982BACb757F724EbE00a9792aC28
135,0x40C8714dc315AE9eF8e5226DE437D067F23aF038
136,0x40C8714dc315AE9eF8e5226DE437D067F23aF038
137,0x3016Dd9dd812290122eC453cb01B48d5a4afF602
138,0xE113E7B1E8Ecd07973EA40978aED520241d17f27
139,0x40C8714dc315AE9eF8e5226DE437D067F23aF038
140,0x88268f36aC5dd1B0DAD2Eb0A8B3Bf1Da3b5b6DC1
141,0x6B67623ff56c10d9dcFc2152425f90285fC74DDD
142,0x51360d99966724B2603182cC367AB9621d96EEd2
143,0x3016Dd9dd812290122eC453cb01B48d5a4afF602
144,0x6B67623ff56c10d9dcFc2152425f90285fC74DDD
145,0xb90ed4c123843cbFD66b11411Ee7694eF37E6E72
146,0x58e26b223Ca4CF395e74661C6180fC3986135F02
147,0x94C47ed35fD041953352cD483b66ad1DBA05E31F
148,0x2206445D241cCB7DAE93B2D2acFC67f75B90fD76
149,0x76b1F80D532c7496a95e8b4714dF239e29922302
150,0x76b1F80D532c7496a95e8b4714dF239e29922302
151,0x76b1F80D532c7496a95e8b4714dF239e29922302
152,0x419DAd51CA1ea37AC6dB47F07b6fE9Fb57fb8316
153,0xD471B514e177476cf28259B260b0957a31205bAA
154,0x76b1F80D532c7496a95e8b4714dF239e29922302
155,0x419DAd51CA1ea37AC6dB47F07b6fE9Fb57fb8316
156,0x88268f36aC5dd1B0DAD2Eb0A8B3Bf1Da3b5b6DC1
157,0xA3Fe8843199735e7Dfc963fdf7097E7B219EBe39
158,0x419DAd51CA1ea37AC6dB47F07b6fE9Fb57fb8316
159,0x13A71d05A46E943b8837a66aA6cdFf1C59eA3565
160,0x51360d99966724B2603182cC367AB9621d96EEd2
161,0x39722bc419824A3786572e0607Ec1EF3d1e36bEC
162,0x419DAd51CA1ea37AC6dB47F07b6fE9Fb57fb8316
163,0x39722bc419824A3786572e0607Ec1EF3d1e36bEC
164,0x39722bc419824A3786572e0607Ec1EF3d1e36bEC
165,0x63B7D0006102E672e6936FCfe6197E4c782F51d4
166,0x2206445D241cCB7DAE93B2D2acFC67f75B90fD76
167,0x63B7D0006102E672e6936FCfe6197E4c782F51d4
168,0x2206445D241cCB7DAE93B2D2acFC67f75B90fD76
169,0x2206445D241cCB7DAE93B2D2acFC67f75B90fD76
170,0xe0D209b7324d982BACb757F724EbE00a9792aC28
171,0x39722bc419824A3786572e0607Ec1EF3d1e36bEC
172,0x63B7D0006102E672e6936FCfe6197E4c782F51d4
173,0x4A39Ae58b605102913Ac19b7c071dA75b55B2674
174,0xB630AbD9a5367763B7CBa316e870c4A54064CC9F
175,0x39722bc419824A3786572e0607Ec1EF3d1e36bEC
176,0xb90ed4c123843cbFD66b11411Ee7694eF37E6E72
177,0xe0D209b7324d982BACb757F724EbE00a9792aC28
178,0x6Ec2997Cf35457daA9de4CDC989c697d921b5285
179,0x39722bc419824A3786572e0607Ec1EF3d1e36bEC
180,0x3fFA1c6E255B962b2F0De4EfD83e03419573bC38
181,0xcc9F512C8a0D4727D95e55297d5a7cECBc65e837
182,0x6Ec2997Cf35457daA9de4CDC989c697d921b5285
183,0x3b557db975732309D86F234D6D100feCF9d9112d
184,0x63B7D0006102E672e6936FCfe6197E4c782F51d4
185,0x3fFA1c6E255B962b2F0De4EfD83e03419573bC38
186,0xb90ed4c123843cbFD66b11411Ee7694eF37E6E72
187,0xe0D209b7324d982BACb757F724EbE00a9792aC28
188,0x1F92fC15bCbEB4dD24EeFbead8d7aeE409f891DC
189,0x39722bc419824A3786572e0607Ec1EF3d1e36bEC
190,0x39722bc419824A3786572e0607Ec1EF3d1e36bEC
191,0x1F92fC15bCbEB4dD24EeFbead8d7aeE409f891DC
192,0x262e6fa1CF63768C3C59D30b5A831795D22a716E
193,0xe0D209b7324d982BACb757F724EbE00a9792aC28
194,0x6Ec2997Cf35457daA9de4CDC989c697d921b5285
195,0x1F92fC15bCbEB4dD24EeFbead8d7aeE409f891DC
196,0x63B7D0006102E672e6936FCfe6197E4c782F51d4
197,0xe0D209b7324d982BACb757F724EbE00a9792aC28
198,0x837b24455dC3796b1a91707741c8162fbb71c5d6
199,0x011dddd5B5470d2818BFFb400B4E38949Fe21ac3
200,0x51360d99966724B2603182cC367AB9621d96EEd2
201,0xb90ed4c123843cbFD66b11411Ee7694eF37E6E72
202,0x7380443f8Cb1717C5F5FeC7BEcB05CEBCebFEa56
203,0x39722bc419824A3786572e0607Ec1EF3d1e36bEC
204,0x40C8714dc315AE9eF8e5226DE437D067F23aF038
205,0x39722bc419824A3786572e0607Ec1EF3d1e36bEC
206,0xb90ed4c123843cbFD66b11411Ee7694eF37E6E72
207,0x31004F28BAbDa1F632Cb445944892b04a411E7f7
208,0x49D67D0213719Eba6A222E60763F8A7eAe5d8764
209,0x63B7D0006102E672e6936FCfe6197E4c782F51d4
210,0x1c5a0cEdA3a60e5CC1Cd63186eA0a972244C73d0
211,0x6B67623ff56c10d9dcFc2152425f90285fC74DDD
212,0xeEAF61935C0c48f8F8cC28C381683d7fA2F75E1c
213,0x1c5a0cEdA3a60e5CC1Cd63186eA0a972244C73d0
214,0x2e155D70bbaDFe70bdAe9993b098E52940D1107C
215,0x2e155D70bbaDFe70bdAe9993b098E52940D1107C
216,0x1c5a0cEdA3a60e5CC1Cd63186eA0a972244C73d0
217,0x2e155D70bbaDFe70bdAe9993b098E52940D1107C
218,0x2e155D70bbaDFe70bdAe9993b098E52940D1107C
219,0x2e155D70bbaDFe70bdAe9993b098E52940D1107C
220,0xce9C5f2FDc135F70926D35400C7Ed9336787F594
221,0x2e155D70bbaDFe70bdAe9993b098E52940D1107C
222,0xa0b08b718a332a1B7b2C9A6482CA5dFD87B7eE34
223,0x2e155D70bbaDFe70bdAe9993b098E52940D1107C
224,0x2e155D70bbaDFe70bdAe9993b098E52940D1107C
225,0x2e155D70bbaDFe70bdAe9993b098E52940D1107C
226,0x2e155D70bbaDFe70bdAe9993b098E52940D1107C
227,0x1F92fC15bCbEB4dD24EeFbead8d7aeE409f891DC
228,0x90111BD0048Fe0660C1F651875CDf566D0E19ae4
229,0x90111BD0048Fe0660C1F651875CDf566D0E19ae4
230,0x17B626CE61F356Aa0A9d0a1928287844eF279F84
231,0x90111BD0048Fe0660C1F651875CDf566D0E19ae4
232,0x90111BD0048Fe0660C1F651875CDf566D0E19ae4
233,0x76Bcf871495ba4Cb3E431a35140d823F1a92f8E5
234,0x82dbE88F5E7e420d5Cb8E9c32e639A01A942DBD3
235,0x90111BD0048Fe0660C1F651875CDf566D0E19ae4
236,0x2e155D70bbaDFe70bdAe9993b098E52940D1107C
237,0x1F92fC15bCbEB4dD24EeFbead8d7aeE409f891DC
238,0x2e155D70bbaDFe70bdAe9993b098E52940D1107C
239,0xb90ed4c123843cbFD66b11411Ee7694eF37E6E72
240,0x78a1450692A739396475Ea201A312942F9fb0c2c
241,0x7E6d4810eA233d7588E3675d704571e29C4BCbBa
242,0x9b848370417C9f525d9168f2Aa91A2Cd819240E8
243,0x9631d389A1FA14996d93d3Bd1948A4e844eEcad7
244,0x1F92fC15bCbEB4dD24EeFbead8d7aeE409f891DC
245,0x1F92fC15bCbEB4dD24EeFbead8d7aeE409f891DC
246,0x06497D5C9F9f4939BB7871f36a1560528601655C
247,0x1F92fC15bCbEB4dD24EeFbead8d7aeE409f891DC
248,0xeedC28a293EDE31b84493De4b5FD9aA57d183BB2
249,0x9b848370417C9f525d9168f2Aa91A2Cd819240E8
250,0xb90ed4c123843cbFD66b11411Ee7694eF37E6E72
251,0xb90ed4c123843cbFD66b11411Ee7694eF37E6E72
252,0x6B67623ff56c10d9dcFc2152425f90285fC74DDD
253,0x6B67623ff56c10d9dcFc2152425f90285fC74DDD
254,0xf8986Ce1FA0A656ee8D7e306c9182Db06C6d6449
255,0x87bF447ac29Ba9498e5C0859513C39a0931f303a
256,0xF9b14175bBE851085D811bFEC9224B6Aa97641d9
257,0x40C8714dc315AE9eF8e5226DE437D067F23aF038
258,0x0Ad0Acf7feF713bdE04E5D32698A3223773106B7
259,0x1D3A9a01d1476A1eEa9e230CB5Ae4ED3ccf0C041
260,0x113d754Ff2e6Ca9Fd6aB51932493E4F9DabdF596
261,0x0Ad0Acf7feF713bdE04E5D32698A3223773106B7
262,0x6B67623ff56c10d9dcFc2152425f90285fC74DDD
263,0x6B67623ff56c10d9dcFc2152425f90285fC74DDD
264,0xF054dFB2837dc47458615Ff36cCE3784d0ECF4Cd
265,0x0Ad0Acf7feF713bdE04E5D32698A3223773106B7
266,0xE68596603d6cA371B1a6e264d4F20645822a018b
267,0xb4F93d10Ed5A188e1ebC017A2D9E23f44618b379
268,0x0Ad0Acf7feF713bdE04E5D32698A3223773106B7
269,0x45A188F4ECDf318C69F182AbCdf565Bfe9d42Db2
270,0xd46Eb557762ebcdce876ca57040E3caA54836054
271,0x0Ad0Acf7feF713bdE04E5D32698A3223773106B7
272,0x5659A24B86398F03AA36D6358868Ebdad1A5A2B2
273,0xE68596603d6cA371B1a6e264d4F20645822a018b
274,0x42d446798D4eca850d271cEa64794Bbd1B6Ce2a7
275,0xC6EFB28ed3c4AEaB4B11FD122670A9E1554A85d1
276,0xC6EFB28ed3c4AEaB4B11FD122670A9E1554A85d1
277,0xC6EFB28ed3c4AEaB4B11FD122670A9E1554A85d1
278,0xC6EFB28ed3c4AEaB4B11FD122670A9E1554A85d1
279,0x6B67623ff56c10d9dcFc2152425f90285fC74DDD
280,0xd46Eb557762ebcdce876ca57040E3caA54836054
281,0xeEa08F6b0F70ca803E4eF916E30cc9d3A5E27b3a
282,0x90111BD0048Fe0660C1F651875CDf566D0E19ae4
283,0x0Ad0Acf7feF713bdE04E5D32698A3223773106B7
284,0x27969c9645aFf2993d1D3ff30dE16F681826c2d3
285,0xd46Eb557762ebcdce876ca57040E3caA54836054
286,0xb2d866297dbC7C7d8Ad045c05AFB48A95f28fB3C
287,0xe539a21fbDf04c289C167c3FF2F97754080C235f
288,0x9Fb241d216BDD4e4D0a544b7170950eC20CFA008
289,0x31004F28BAbDa1F632Cb445944892b04a411E7f7
290,0x31004F28BAbDa1F632Cb445944892b04a411E7f7
291,0x0a9FA8353593170d7b4A868c9d2D8302124CBA4a
292,0x00c7766651F593919BAcdFcBbf4ed580AC704912
293,0x0a9FA8353593170d7b4A868c9d2D8302124CBA4a
294,0x0a9FA8353593170d7b4A868c9d2D8302124CBA4a
295,0x73bB73196Fd2B7dCD00263293Ef4f0D2f4e63603
296,0xb9D16523603666f79eB050c7C97d77A002fe237a
297,0x0a9FA8353593170d7b4A868c9d2D8302124CBA4a
298,0x0a9FA8353593170d7b4A868c9d2D8302124CBA4a
299,0x48E8b82206A4f18eC88093DB9a7850D92B220578
300,0xE7e7cb488084Bb6bA9D65f6C8372d705c0485D13
301,0x0a9FA8353593170d7b4A868c9d2D8302124CBA4a
302,0x31e99699bCCde902afc7C4B6b23bB322b8459d22
303,0xE9A51fBFfBB58cd6ec0EEc147bE3EffF7EbDfDac
304,0xeEAF61935C0c48f8F8cC28C381683d7fA2F75E1c
305,0x31004F28BAbDa1F632Cb445944892b04a411E7f7
306,0xaab2A5430398bD03080a4106C85BB2B4a7777a0f
307,0xaab2A5430398bD03080a4106C85BB2B4a7777a0f
308,0xaab2A5430398bD03080a4106C85BB2B4a7777a0f
309,0x0a9FA8353593170d7b4A868c9d2D8302124CBA4a
310,0x0a9FA8353593170d7b4A868c9d2D8302124CBA4a
311,0x0a9FA8353593170d7b4A868c9d2D8302124CBA4a
312,0xe69eE97F0fdD1007C9F54370d4aa0e79b2956172
313,0xe69eE97F0fdD1007C9F54370d4aa0e79b2956172
314,0xe69eE97F0fdD1007C9F54370d4aa0e79b2956172
315,0x06273686Ef746fC428c97d47928C9F51b323D47e
316,0x6B67623ff56c10d9dcFc2152425f90285fC74DDD
317,0x06273686Ef746fC428c97d47928C9F51b323D47e
318,0x06273686Ef746fC428c97d47928C9F51b323D47e
319,0x7910e392FE1D5A386016124Aa264d39d8934c831
320,0x6B67623ff56c10d9dcFc2152425f90285fC74DDD
321,0x7910e392FE1D5A386016124Aa264d39d8934c831
322,0x6B67623ff56c10d9dcFc2152425f90285fC74DDD
323,0xFa1fb83867570B91CBC661F963AD72A30203E628
324,0xe69eE97F0fdD1007C9F54370d4aa0e79b2956172
325,0xe69eE97F0fdD1007C9F54370d4aa0e79b2956172
326,0xFa1fb83867570B91CBC661F963AD72A30203E628
327,0xe69eE97F0fdD1007C9F54370d4aa0e79b2956172
328,0xB4E747C6A485Ff2b19E9bf716899cB6D3e20E357
329,0x785f49f67286f6095aD8ee3bbaCBbb30A8C6C021
330,0x6B67623ff56c10d9dcFc2152425f90285fC74DDD
331,0xb90ed4c123843cbFD66b11411Ee7694eF37E6E72
332,0xe69eE97F0fdD1007C9F54370d4aa0e79b2956172
333,0xb90ed4c123843cbFD66b11411Ee7694eF37E6E72
334,0xe69eE97F0fdD1007C9F54370d4aa0e79b2956172
335,0xC0660675bFb33D9a91838D4e5EFCa254bb431Ef8
336,0xe69eE97F0fdD1007C9F54370d4aa0e79b2956172
337,0x45A188F4ECDf318C69F182AbCdf565Bfe9d42Db2
338,0x688f071539a582F022429945B1598E63B09a8fAC
339,0xA244482E30822cAd556F0338fb1e5BaB72890604
340,0x88D3574660711e03196aF8A96f268697590000Fa
341,0xFa1fb83867570B91CBC661F963AD72A30203E628
342,0xE4C8EFd2ed3051b22Ea3eedE1AF266452b0E66E9
343,0x31004F28BAbDa1F632Cb445944892b04a411E7f7
344,0x9E4e4c30B92D4109442215027279Fdaed45a620f
345,0x9A65EdA07fD5eD3FA4faea49305ed232d8e1BfAa
346,0x50086e7948eD79eD7e586d81666A095733A4fEE0
347,0x6519E6117480D140CD7d33163aC30fD01812f34a
348,0xb90ed4c123843cbFD66b11411Ee7694eF37E6E72
349,0x50086e7948eD79eD7e586d81666A095733A4fEE0
350,0xC7bcBE313ed75e385498077aE32C1246A4cA7286
351,0x5659A24B86398F03AA36D6358868Ebdad1A5A2B2
352,0x0Dc1d6249F81cEE5CbFA88E5FFc50dCd09ba058a
353,0x0Dc1d6249F81cEE5CbFA88E5FFc50dCd09ba058a
354,0x7B27c0cfaBD0941577624eDDdc8ad0fd12fd7480
355,0x10491F92A279883a028E49281265b61040B6b433
356,0x6853a596D6d7264D3622546dA3B891B6fe17eb82
357,0x6853a596D6d7264D3622546dA3B891B6fe17eb82
358,0x31004F28BAbDa1F632Cb445944892b04a411E7f7
359,0x27969c9645aFf2993d1D3ff30dE16F681826c2d3
360,0xEBB03aA3870c7DC2ac4Bd482ADCB635FCaBdfafB
361,0xEBB03aA3870c7DC2ac4Bd482ADCB635FCaBdfafB
362,0x06d022f767B613104Dd94E05E51d2b140884385d
363,0xb90ed4c123843cbFD66b11411Ee7694eF37E6E72
364,0xEBB03aA3870c7DC2ac4Bd482ADCB635FCaBdfafB
365,0xaF423481bb944D161EC44e01C8C2015314Ba290B
366,0xaF423481bb944D161EC44e01C8C2015314Ba290B
367,0xE5CA890A0eF2F128EB3267e4711c6bf3306Ec024
368,0x6Ec2997Cf35457daA9de4CDC989c697d921b5285
369,0x6Ec2997Cf35457daA9de4CDC989c697d921b5285
370,0x7862E990963405616aFD1e08cD369433A87Adb3a
371,0x7862E990963405616aFD1e08cD369433A87Adb3a
372,0x7380443f8Cb1717C5F5FeC7BEcB05CEBCebFEa56
373,0x7862E990963405616aFD1e08cD369433A87Adb3a
374,0x511bD6dfAC66Fb2E45e2530Ae0947D0310907a4d
375,0x9bB2D32bB1A7180fC0C6F59609984d664D86181D
376,0x511bD6dfAC66Fb2E45e2530Ae0947D0310907a4d
377,0xbdAc086D5e855F0C9A75353F34E5088Adc586cAF
378,0xeE74258438bcd2882fe907C91a5371dc5dD5b0eE
379,0xeE74258438bcd2882fe907C91a5371dc5dD5b0eE
380,0xeE74258438bcd2882fe907C91a5371dc5dD5b0eE
381,0xeE74258438bcd2882fe907C91a5371dc5dD5b0eE
382,0xeE74258438bcd2882fe907C91a5371dc5dD5b0eE
383,0xeE74258438bcd2882fe907C91a5371dc5dD5b0eE
384,0xeE74258438bcd2882fe907C91a5371dc5dD5b0eE
385,0xeE74258438bcd2882fe907C91a5371dc5dD5b0eE
386,0xeE74258438bcd2882fe907C91a5371dc5dD5b0eE
387,0xeE74258438bcd2882fe907C91a5371dc5dD5b0eE
388,0xeE74258438bcd2882fe907C91a5371dc5dD5b0eE
389,0xeE74258438bcd2882fe907C91a5371dc5dD5b0eE
390,0x2CFD8238167a3e302cE00d9B26699D406d30d2aC
391,0xd0A8E9BFFfF63903243454F001e38E2E39EfAd95
392,0xeE74258438bcd2882fe907C91a5371dc5dD5b0eE
393,0xeE74258438bcd2882fe907C91a5371dc5dD5b0eE
394,0x7d9f4cB1aDc632E697d604304AF4E1E92eCd181B
395,0xeE74258438bcd2882fe907C91a5371dc5dD5b0eE
396,0xd0A8E9BFFfF63903243454F001e38E2E39EfAd95
397,0xd0A8E9BFFfF63903243454F001e38E2E39EfAd95
398,0x616085430dbE7720e58DbB139436EF85D06dE799
399,0xaF423481bb944D161EC44e01C8C2015314Ba290B
400,0xaF423481bb944D161EC44e01C8C2015314Ba290B
401,0x1D3A9a01d1476A1eEa9e230CB5Ae4ED3ccf0C041
402,0x76Bcf871495ba4Cb3E431a35140d823F1a92f8E5
403,0x76Bcf871495ba4Cb3E431a35140d823F1a92f8E5
404,0x5d0eD5EB34C3De684E6C720892201c11F11C7bB0
405,0x5d0eD5EB34C3De684E6C720892201c11F11C7bB0
406,0x5d0eD5EB34C3De684E6C720892201c11F11C7bB0
407,0x5d0eD5EB34C3De684E6C720892201c11F11C7bB0
408,0x5d0eD5EB34C3De684E6C720892201c11F11C7bB0
409,0x5d0eD5EB34C3De684E6C720892201c11F11C7bB0
410,0x5d0eD5EB34C3De684E6C720892201c11F11C7bB0
411,0xb90ed4c123843cbFD66b11411Ee7694eF37E6E72
412,0x5d0eD5EB34C3De684E6C720892201c11F11C7bB0
413,0x5d0eD5EB34C3De684E6C720892201c11F11C7bB0
414,0x5d0eD5EB34C3De684E6C720892201c11F11C7bB0
415,0x76cc07437385885A5dCAaEFd3b94f8fb0Bc08930
416,0xF789246097D81b1bFd69F6F5D8809E3FF8466b18
417,0xb90ed4c123843cbFD66b11411Ee7694eF37E6E72
418,0xb90ed4c123843cbFD66b11411Ee7694eF37E6E72
419,0xC5666b5c1F1077ae5c1A41D63efE8290Abb9E0F0
420,0x90326fB170594cc50aA3c4578c19554F9174E924
421,0x0ED39b4c8ca3F0faf74c780e8EC128314Ee7f514
422,0x06d022f767B613104Dd94E05E51d2b140884385d
423,0x31e99699bCCde902afc7C4B6b23bB322b8459d22
424,0x31004F28BAbDa1F632Cb445944892b04a411E7f7
425,0x00c7766651F593919BAcdFcBbf4ed580AC704912
426,0x06af3189C3F7a86B57439B193441B0dA16EbE15F
427,0xdcc1869bDC5DeBa8F57644F8113f0C541f0bcEF7
428,0x8C8Ddf9A1390886525866F651aD0Ef1947d10897
429,0x3DAc271d1B36A434880C527A678B6487AC9C1F8c
430,0x3DAc271d1B36A434880C527A678B6487AC9C1F8c
431,0xb90ed4c123843cbFD66b11411Ee7694eF37E6E72
432,0x3DAc271d1B36A434880C527A678B6487AC9C1F8c
433,0x3DAc271d1B36A434880C527A678B6487AC9C1F8c
434,0xAbb77d443c8F50c3F16cf8ae126941bA9153D9fD
435,0xdbD91208086C450A9c2C49dBb607993Cb6E12c2D
436,0x3DAc271d1B36A434880C527A678B6487AC9C1F8c
437,0xb90ed4c123843cbFD66b11411Ee7694eF37E6E72
438,0xAaD45d0dA6EE11A2b2cbc631D23656B5e3217df8
439,0x73bB73196Fd2B7dCD00263293Ef4f0D2f4e63603
440,0x647eb74A5135A0F24bEee3c2d8432ADCBB32c2a8
441,0x647eb74A5135A0F24bEee3c2d8432ADCBB32c2a8
442,0xaab2A5430398bD03080a4106C85BB2B4a7777a0f
443,0xF9107317B0fF77eD5b7ADea15e50514A3564002B
444,0xF9107317B0fF77eD5b7ADea15e50514A3564002B
445,0xaab2A5430398bD03080a4106C85BB2B4a7777a0f
446,0xB47B01Eaa7E647be92cf65245Cac332DC1E008eD
447,0x420f5A4a8EA8905f9E00DBf4c7a13f568B183feA
448,0xaab2A5430398bD03080a4106C85BB2B4a7777a0f
449,0x98b69D0B81fb1966eBe0Af76789425706e5aFe7B
450,0xF8d0C9f300D0649861963ebAe0Bb568533619448
451,0x342F713873D068B41bd0E79e2f7504B964f1E2BB
452,0xB630AbD9a5367763B7CBa316e870c4A54064CC9F
453,0x31e99699bCCde902afc7C4B6b23bB322b8459d22
454,0xafBCC39f474baf9596C1135522810d5f409DDE0F
455,0x0fcCa58e15D6c2F2E092ea79096bcD3ad9ef584c
456,0x0fcCa58e15D6c2F2E092ea79096bcD3ad9ef584c
457,0x0fcCa58e15D6c2F2E092ea79096bcD3ad9ef584c
458,0x94E3d321DDaeAbD8EB68413fe906b95Cb3a182D3
459,0x0382572791B5dE9A979962B768a49b7776188dBA
460,0x695A45B7b6f74165faeC3684C25F77f3E4e0928C
461,0x8321795bdACE7428D4faDFA30C2EE8e727e491e5
462,0x8321795bdACE7428D4faDFA30C2EE8e727e491e5
463,0x8321795bdACE7428D4faDFA30C2EE8e727e491e5
464,0x17d95EEaF723ea844621336bF096bAaEa148b896
465,0x4056d8246deFF465667adDc33bd97b350578ed02
466,0xce9C5f2FDc135F70926D35400C7Ed9336787F594
467,0xF054dFB2837dc47458615Ff36cCE3784d0ECF4Cd
468,0x4A39Ae58b605102913Ac19b7c071dA75b55B2674
469,0x8264e9e0f4CbcBBbb3F8eCAec0A625B590Ae790e
470,0xd0A8E9BFFfF63903243454F001e38E2E39EfAd95
471,0xFefF0FC24C2831C550D34eBA9e4Cc8162dC20Bae
472,0xFefF0FC24C2831C550D34eBA9e4Cc8162dC20Bae
473,0xFefF0FC24C2831C550D34eBA9e4Cc8162dC20Bae
474,0x27e45236D4B4382b6F81f990a70987D69e1f5f81
475,0x8264e9e0f4CbcBBbb3F8eCAec0A625B590Ae790e
476,0xe0D209b7324d982BACb757F724EbE00a9792aC28
477,0x8264e9e0f4CbcBBbb3F8eCAec0A625B590Ae790e
478,0xb90ed4c123843cbFD66b11411Ee7694eF37E6E72
479,0xe0D209b7324d982BACb757F724EbE00a9792aC28
480,0x27e45236D4B4382b6F81f990a70987D69e1f5f81
481,0xe0D209b7324d982BACb757F724EbE00a9792aC28
482,0x8264e9e0f4CbcBBbb3F8eCAec0A625B590Ae790e
483,0x8264e9e0f4CbcBBbb3F8eCAec0A625B590Ae790e
484,0x8264e9e0f4CbcBBbb3F8eCAec0A625B590Ae790e
485,0x8264e9e0f4CbcBBbb3F8eCAec0A625B590Ae790e
486,0x8264e9e0f4CbcBBbb3F8eCAec0A625B590Ae790e
487,0x8264e9e0f4CbcBBbb3F8eCAec0A625B590Ae790e
488,0x8264e9e0f4CbcBBbb3F8eCAec0A625B590Ae790e
489,0x8264e9e0f4CbcBBbb3F8eCAec0A625B590Ae790e
490,0xe0D209b7324d982BACb757F724EbE00a9792aC28
491,0x8264e9e0f4CbcBBbb3F8eCAec0A625B590Ae790e
492,0x2220923A4190a1A2FEE4545Ad86c15998c58C15B
493,0x8264e9e0f4CbcBBbb3F8eCAec0A625B590Ae790e
494,0x8264e9e0f4CbcBBbb3F8eCAec0A625B590Ae790e
495,0x8264e9e0f4CbcBBbb3F8eCAec0A625B590Ae790e
496,0x8264e9e0f4CbcBBbb3F8eCAec0A625B590Ae790e
497,0xD492c4971eF568F33a1255a8B346f572ba65173b
498,0xDd7ebef0Dd3e90098ea21f94978B04E1c856D2D3
499,0xd743B27D75A6DcDB34baFc6De0Acb8cecB3aC43F
500,0xb0b134d249748c89C3aC52A0f4BC2aba4EAD8498
501,0xd743B27D75A6DcDB34baFc6De0Acb8cecB3aC43F
502,0xD492c4971eF568F33a1255a8B346f572ba65173b
503,0xD492c4971eF568F33a1255a8B346f572ba65173b
504,0x8264e9e0f4CbcBBbb3F8eCAec0A625B590Ae790e
505,0x455bcB998e1166068ebd0Cf290A1F7dB0F75385f
506,0xD492c4971eF568F33a1255a8B346f572ba65173b
507,0xD492c4971eF568F33a1255a8B346f572ba65173b
508,0xD492c4971eF568F33a1255a8B346f572ba65173b
509,0x455bcB998e1166068ebd0Cf290A1F7dB0F75385f
510,0xaF423481bb944D161EC44e01C8C2015314Ba290B
511,0xAbb77d443c8F50c3F16cf8ae126941bA9153D9fD
512,0x8264e9e0f4CbcBBbb3F8eCAec0A625B590Ae790e
513,0xd5Ae5B9c02413CF22cd49D009c4344f71776f4A8
514,0xe5F21BD34C97Fa043a7a6A61cC1892b89d483f19
515,0xb6a5394cF7e7b6d839cD6b60C72b20bd8F7BF4f1
516,0xb90ed4c123843cbFD66b11411Ee7694eF37E6E72
517,0x0dcd05cb303522d4B4572B05C9EA5e9d99EF3629
518,0xb90ed4c123843cbFD66b11411Ee7694eF37E6E72
519,0xB649A82FcD282466f0f86B03e5500f1Ae9EcdC5E
520,0xb90ed4c123843cbFD66b11411Ee7694eF37E6E72
521,0x39781b057e9E929eD5156eD318C4676EB098fbEE
522,0xB649A82FcD282466f0f86B03e5500f1Ae9EcdC5E
523,0x9499A3e9628962f7064f5e521452AA1DAbD86edc
524,0x616c7abC3576Ee79E3A09A1C4C19A86Bf2dDc15e
525,0x616c7abC3576Ee79E3A09A1C4C19A86Bf2dDc15e
526,0xAaD45d0dA6EE11A2b2cbc631D23656B5e3217df8
527,0xaF423481bb944D161EC44e01C8C2015314Ba290B
528,0xAaD45d0dA6EE11A2b2cbc631D23656B5e3217df8
529,0xdACAED41a37e60a4968C70CFBef8893C14dFA20c
530,0xaF423481bb944D161EC44e01C8C2015314Ba290B
531,0xb90ed4c123843cbFD66b11411Ee7694eF37E6E72
532,0x724158b824225051935f37984CE0f907f8d451a9
533,0xaF423481bb944D161EC44e01C8C2015314Ba290B
534,0xb90ed4c123843cbFD66b11411Ee7694eF37E6E72
535,0xb90ed4c123843cbFD66b11411Ee7694eF37E6E72
536,0xb90ed4c123843cbFD66b11411Ee7694eF37E6E72
537,0xc8BC8B83D592f9c72ea3FF494907280aaF096605
538,0xb90ed4c123843cbFD66b11411Ee7694eF37E6E72
539,0xDd7ebef0Dd3e90098ea21f94978B04E1c856D2D3
540,0x6837047F46Da1d5d9A79846b25810b92adF456F6
541,0xDd7ebef0Dd3e90098ea21f94978B04E1c856D2D3
542,0x8888888aCD88EB9532554202075586b7fbD9cAF8
543,0xb90ed4c123843cbFD66b11411Ee7694eF37E6E72
544,0xDd7ebef0Dd3e90098ea21f94978B04E1c856D2D3
545,0xDd7ebef0Dd3e90098ea21f94978B04E1c856D2D3
546,0x840724F70D2DC236cDe4ba7AB53DF743Bd09FF83
547,0xf9ec6E08B261b128f76074c6223ad48558D7821e
548,0xf9ec6E08B261b128f76074c6223ad48558D7821e
549,0xf9ec6E08B261b128f76074c6223ad48558D7821e
550,0xf9ec6E08B261b128f76074c6223ad48558D7821e
551,0xf9ec6E08B261b128f76074c6223ad48558D7821e
552,0x31e99699bCCde902afc7C4B6b23bB322b8459d22
553,0xdA1B71bA913c5B11BC24D9B20cD21Ca87f317d71
554,0xd4f11B5f55C20Fc71C4D533D1D4C1106747a9772
555,0xd4f11B5f55C20Fc71C4D533D1D4C1106747a9772
556,0x896Ad7c1a8f93A48258beA5B6BB43f8FCbcA945B
557,0xd4f11B5f55C20Fc71C4D533D1D4C1106747a9772
558,0xd4f11B5f55C20Fc71C4D533D1D4C1106747a9772
559,0x0Ad0Acf7feF713bdE04E5D32698A3223773106B7
560,0x89D53e8612E8416bf960Dc9444ce0e2a0878a582
561,0x89D53e8612E8416bf960Dc9444ce0e2a0878a582
562,0xD95d4b43514692e8F41B16803ca8249916596856
563,0xd934CC70B1b06256581527a534285f5bd6A7eDc7
564,0x437A09EEd29beA7b424E02D25830f9d20D04B320
565,0xb858A3F45840E76076c6c4DBa9f0f8958F11C1E8
566,0xF789246097D81b1bFd69F6F5D8809E3FF8466b18
567,0xd934CC70B1b06256581527a534285f5bd6A7eDc7
568,0x31004F28BAbDa1F632Cb445944892b04a411E7f7
569,0xd934CC70B1b06256581527a534285f5bd6A7eDc7
570,0x26692a0b0bdd22C8444e822f2Ca3C3B86b70619c
571,0x70FeaF35f23F8A74B0923c216B2E01740aBc92B1
572,0x6849A5173dd8b6F2B315570331e13d1eCbd2d638
573,0x31004F28BAbDa1F632Cb445944892b04a411E7f7
574,0xF789246097D81b1bFd69F6F5D8809E3FF8466b18
575,0xE2B1fE3Cd6D9F652dDedda1d4cCEeF8443664b5F
576,0xb90ed4c123843cbFD66b11411Ee7694eF37E6E72
577,0x4649941b72D28FC534ceC775a6F35EA1fa4cdc63
578,0x4649941b72D28FC534ceC775a6F35EA1fa4cdc63
579,0xb4199E6297dB3d20f2babb282DdfD9db6c018312
580,0xE1D15B137CFEc76E4dC92378EB7F12e1567b62dA
581,0xC7a3F4476dc712B78fc5bf1415eC25a12960e1dA
582,0x9f0004e85aB1a65d569cBd9a59A46ef0c84Cf470
583,0xc73459e2D7DfBc96230aD18F0b901a9f358032B7
584,0x9f0004e85aB1a65d569cBd9a59A46ef0c84Cf470
585,0x82cC352a452C1831D4b5CDb2394Da1fD988F6586
586,0x65dd41e5B528aCcf1d456e0c3147bf171AB3B63f
587,0xe4f517A4ec86572a4fD5C3e074F4536D51f4f7b9
588,0x8FB3E551AA3008976c9420b63ce058475577F2cB
589,0xb90ed4c123843cbFD66b11411Ee7694eF37E6E72
590,0x31004F28BAbDa1F632Cb445944892b04a411E7f7
591,0xD9D836EBC67Abeec65b29E586F89816Dab991F69
592,0xAA435e3a2D88153F02c01d7ec835d5d2bE07d000
593,0x8FB3E551AA3008976c9420b63ce058475577F2cB
594,0xB6F28ae8f31D85dC27361852b986286113Bc588D
595,0xB6F28ae8f31D85dC27361852b986286113Bc588D
596,0xB6F28ae8f31D85dC27361852b986286113Bc588D
597,0xB6F28ae8f31D85dC27361852b986286113Bc588D
598,0xB6F28ae8f31D85dC27361852b986286113Bc588D
599,0xB6F28ae8f31D85dC27361852b986286113Bc588D
600,0xB6F28ae8f31D85dC27361852b986286113Bc588D
601,0xa8BD0fb333b7724Ec36721556FEE3f459F6749BB
602,0xB6F28ae8f31D85dC27361852b986286113Bc588D
603,0xB6F28ae8f31D85dC27361852b986286113Bc588D
604,0xB6F28ae8f31D85dC27361852b986286113Bc588D
605,0xB6F28ae8f31D85dC27361852b986286113Bc588D
606,0x036403FBfe5e7349f09cb1b2275E4a652EA565D4
607,0x036403FBfe5e7349f09cb1b2275E4a652EA565D4
608,0x8FB3E551AA3008976c9420b63ce058475577F2cB
609,0x036403FBfe5e7349f09cb1b2275E4a652EA565D4
610,0x036403FBfe5e7349f09cb1b2275E4a652EA565D4
611,0xAA435e3a2D88153F02c01d7ec835d5d2bE07d000
612,0x31004F28BAbDa1F632Cb445944892b04a411E7f7
613,0xB6F28ae8f31D85dC27361852b986286113Bc588D
614,0xAc5914F52D77198d16B0Eaa6c976e48110ADce08
615,0x34202f199ef058302DcceD326a0105fe2Db53E12
616,0xd2Ba592032A550b4CE5584a44db62744fa73210E
617,0x8FB3E551AA3008976c9420b63ce058475577F2cB
618,0xd2Ba592032A550b4CE5584a44db62744fa73210E
619,0x865E06473466cb94514C4003eCE2c78ee62B43A7
620,0x4c587aDBb865A9557B11958c36d1c2EF966CCBe3
621,0x4c587aDBb865A9557B11958c36d1c2EF966CCBe3
622,0xb90ed4c123843cbFD66b11411Ee7694eF37E6E72
623,0x47886F5343ebbC0678050383CE1CaAA40861cce9
624,0xFd3B683590c7c8b0a979055F08C18a1ddCdB431A
625,0x036403FBfe5e7349f09cb1b2275E4a652EA565D4
626,0xFd3B683590c7c8b0a979055F08C18a1ddCdB431A
627,0xE4C8EFd2ed3051b22Ea3eedE1AF266452b0E66E9
628,0xFd3B683590c7c8b0a979055F08C18a1ddCdB431A
629,0xFd3B683590c7c8b0a979055F08C18a1ddCdB431A
630,0x0CF4fE61af8da65ED253BaE2E995a865baaBBCEc
631,0xD9736c47ef4e0364B29c9dA102C8d09810EC32c3
632,0xFd3B683590c7c8b0a979055F08C18a1ddCdB431A
633,0xFd3B683590c7c8b0a979055F08C18a1ddCdB431A
634,0xFd3B683590c7c8b0a979055F08C18a1ddCdB431A
635,0xFd3B683590c7c8b0a979055F08C18a1ddCdB431A
636,0xFd3B683590c7c8b0a979055F08C18a1ddCdB431A
637,0xFd3B683590c7c8b0a979055F08C18a1ddCdB431A
638,0x16Cc3b2b4cbBe56a4dF107eC4946CE3AFA009AA2
639,0xFC51eC7a147C1fCcDA2732229CBe2fb3A6124975
640,0xFC51eC7a147C1fCcDA2732229CBe2fb3A6124975
641,0xFC51eC7a147C1fCcDA2732229CBe2fb3A6124975
642,0x8321795bdACE7428D4faDFA30C2EE8e727e491e5
643,0x5D9A259c719eDf855F076E2795167C3AAD0eEEbD
644,0x8321795bdACE7428D4faDFA30C2EE8e727e491e5
645,0xDFfF0A63ecce913A1fD24c22cAC20C2B48c5765f
646,0xDFfF0A63ecce913A1fD24c22cAC20C2B48c5765f
647,0x3fFA1c6E255B962b2F0De4EfD83e03419573bC38
648,0x3fFA1c6E255B962b2F0De4EfD83e03419573bC38
649,0xf4bAba092bB9aAf76E0C03B856398b9EBED0819f
650,0x36A5Bc205DF1ED65C86301022cfc343a6ce546ff
651,0x36A5Bc205DF1ED65C86301022cfc343a6ce546ff
652,0x8321795bdACE7428D4faDFA30C2EE8e727e491e5
653,0xf86B49704D9Ac862F1641c674553e85480e54Ed8
654,0x36A5Bc205DF1ED65C86301022cfc343a6ce546ff
655,0x36A5Bc205DF1ED65C86301022cfc343a6ce546ff
656,0x8321795bdACE7428D4faDFA30C2EE8e727e491e5
657,0x36A5Bc205DF1ED65C86301022cfc343a6ce546ff
658,0x31e99699bCCde902afc7C4B6b23bB322b8459d22
659,0x1D3A9a01d1476A1eEa9e230CB5Ae4ED3ccf0C041
660,0xe919B2741965536ecA353Eb4bb0aE1aC8131c828
661,0xe919B2741965536ecA353Eb4bb0aE1aC8131c828
662,0xe919B2741965536ecA353Eb4bb0aE1aC8131c828
663,0xe919B2741965536ecA353Eb4bb0aE1aC8131c828
664,0xDbAF3cBF2A1685693548862c9235074351230775
665,0xDbAF3cBF2A1685693548862c9235074351230775
666,0x628E74EAE7F91f0A6cde507726b219E4119ECd3B
667,0xDbAF3cBF2A1685693548862c9235074351230775
668,0xDbAF3cBF2A1685693548862c9235074351230775
669,0xB630AbD9a5367763B7CBa316e870c4A54064CC9F
670,0xDbAF3cBF2A1685693548862c9235074351230775
671,0xDbAF3cBF2A1685693548862c9235074351230775
672,0x6B67623ff56c10d9dcFc2152425f90285fC74DDD
673,0x3fBF3747128C03D0715438e6E1fcd9DF8aA27B0a
674,0x6B67623ff56c10d9dcFc2152425f90285fC74DDD
675,0x036403FBfe5e7349f09cb1b2275E4a652EA565D4
676,0xb90ed4c123843cbFD66b11411Ee7694eF37E6E72
677,0xE7e3D2421C1c2Fc5657C52f71866e05Aa8d459cb
678,0x5a659a97dfbD423A8824d472c879135B7e6c2227
679,0xDd7ebef0Dd3e90098ea21f94978B04E1c856D2D3
680,0xdA96de572ce0A1819e20bb42e8BD8b5C36FAeE06
681,0x50086e7948eD79eD7e586d81666A095733A4fEE0
682,0x2F6fef486d5Fd6eAc327DcCD7D4d39799C686070
683,0x2F6fef486d5Fd6eAc327DcCD7D4d39799C686070
684,0xD6587a974C7D3ecE23Fa53d5606da6B291311F6f
685,0xD6587a974C7D3ecE23Fa53d5606da6B291311F6f
686,0xD6587a974C7D3ecE23Fa53d5606da6B291311F6f
687,0xf68Cf5fe49abFbb7609F5AC29eaE52cb7685Ac58
688,0x3fFA1c6E255B962b2F0De4EfD83e03419573bC38
689,0xd2Ba592032A550b4CE5584a44db62744fa73210E
690,0xAc5914F52D77198d16B0Eaa6c976e48110ADce08
691,0x3fFA1c6E255B962b2F0De4EfD83e03419573bC38
692,0xe5F21BD34C97Fa043a7a6A61cC1892b89d483f19
693,0x73bB73196Fd2B7dCD00263293Ef4f0D2f4e63603
694,0xeE74258438bcd2882fe907C91a5371dc5dD5b0eE
695,0x31004F28BAbDa1F632Cb445944892b04a411E7f7
696,0xDbAF3cBF2A1685693548862c9235074351230775
697,0xeE74258438bcd2882fe907C91a5371dc5dD5b0eE
698,0x6B807b1Cc7E5Cb402f4D9647042d94411c5E6C34
699,0xaab2A5430398bD03080a4106C85BB2B4a7777a0f
700,0xaab2A5430398bD03080a4106C85BB2B4a7777a0f
701,0xaab2A5430398bD03080a4106C85BB2B4a7777a0f
702,0xb90ed4c123843cbFD66b11411Ee7694eF37E6E72
703,0x31004F28BAbDa1F632Cb445944892b04a411E7f7
704,0x1C372699973Fca142f16431ea0b5A00a306F8e9a
705,0x1C372699973Fca142f16431ea0b5A00a306F8e9a
706,0x557c60995797fa7b47Be105227A2e46148D85750
707,0xb90ed4c123843cbFD66b11411Ee7694eF37E6E72
708,0xAA435e3a2D88153F02c01d7ec835d5d2bE07d000
709,0x557c60995797fa7b47Be105227A2e46148D85750
710,0x036403FBfe5e7349f09cb1b2275E4a652EA565D4
711,0x89ff0551E7EE8E9f0E16f77BA7e77490B5812921
712,0x89ff0551E7EE8E9f0E16f77BA7e77490B5812921
713,0x1C372699973Fca142f16431ea0b5A00a306F8e9a
714,0xeD752D39672CdbAB82d28aeA83f55f1BA08A8195
715,0xdA96de572ce0A1819e20bb42e8BD8b5C36FAeE06
716,0xAc5914F52D77198d16B0Eaa6c976e48110ADce08
717,0xDcdAe546a4AA69749d558e74aB526980eD17af66
718,0xDcdAe546a4AA69749d558e74aB526980eD17af66
719,0xDcdAe546a4AA69749d558e74aB526980eD17af66
720,0xF61030d320E71256a43ec22839db345d80ac84B3
721,0xafBCC39f474baf9596C1135522810d5f409DDE0F
722,0xd7d126110624A753cD36A5Bbcc0345825EE428Ec
723,0x6A828D32Fe744CefeF5Ed21d4FF93a4edd9f0d03
724,0xC5666b5c1F1077ae5c1A41D63efE8290Abb9E0F0
725,0x1Dcd4ad44989bD43816b23a152Bf3454acc18e69
726,0xb90ed4c123843cbFD66b11411Ee7694eF37E6E72
727,0xA1e4F7dC1983FefE37E2175524EbaD87f1C78c3c
728,0xB883EAA6f6Af7245e8D2da11e73397B5ff5c5311
729,0xB883EAA6f6Af7245e8D2da11e73397B5ff5c5311
730,0xA49958fa14309F3720159c83cD92C5F38B1e3306
731,0x49c08159de1ae3a8b2d5Cc7BAa9A23BA9E96910C
732,0x94E3d321DDaeAbD8EB68413fe906b95Cb3a182D3
733,0x94E3d321DDaeAbD8EB68413fe906b95Cb3a182D3
734,0xB883EAA6f6Af7245e8D2da11e73397B5ff5c5311
735,0x8321795bdACE7428D4faDFA30C2EE8e727e491e5
736,0xB883EAA6f6Af7245e8D2da11e73397B5ff5c5311
737,0x342F713873D068B41bd0E79e2f7504B964f1E2BB
738,0x136Bbfe37988f82F8585ED155615b75371489d45
739,0x34202f199ef058302DcceD326a0105fe2Db53E12
740,0x136Bbfe37988f82F8585ED155615b75371489d45
741,0x34202f199ef058302DcceD326a0105fe2Db53E12
742,0x165dB07eEcC01590C2157A2E42fd95412b1cCC08
743,0x00c7766651F593919BAcdFcBbf4ed580AC704912
744,0x31e99699bCCde902afc7C4B6b23bB322b8459d22
745,0xdACAED41a37e60a4968C70CFBef8893C14dFA20c
746,0xF7425fB026f9297fCc57B14ace187215442586a2
747,0x647e7766a4D8DFd154C8ee792171E8EdE0cFD9E6
748,0xdACAED41a37e60a4968C70CFBef8893C14dFA20c
749,0xC16c4637f18eC2BB5300E528f65830ad4857DF4f
750,0x136Bbfe37988f82F8585ED155615b75371489d45
751,0x87ae3929744864734Cd009Ad3Be47D97FCcB54D5
752,0x8F92E1E6b5a4B05599D5480Fb2474f8e6A9d34a5
753,0xC58AdC6945966c04c74EfC5A045FeC55a03685bf
754,0x8F92E1E6b5a4B05599D5480Fb2474f8e6A9d34a5
755,0x637561FA339aea12d8BEdd7b65a9D6e5Da21B4e7
756,0x637561FA339aea12d8BEdd7b65a9D6e5Da21B4e7
757,0x8a43d8f028B8572AF3c233a56a7475118611154A
758,0xe0D209b7324d982BACb757F724EbE00a9792aC28
759,0xa5E5d3afE7daF372972559C7Fa3b75cb7A4AE0d7
760,0xe0D209b7324d982BACb757F724EbE00a9792aC28
761,0xe0D209b7324d982BACb757F724EbE00a9792aC28
762,0x21d14E2c2BFCFa07de7999E08C4b0256293dE748
763,0xa5E5d3afE7daF372972559C7Fa3b75cb7A4AE0d7
764,0x26153CA3a54b0C54AEeeFf9F2De50262Af620118
765,0xDC0753F6B3Cc6034317b73C10413c19958d36ED1
766,0xb90ed4c123843cbFD66b11411Ee7694eF37E6E72
767,0xA49958fa14309F3720159c83cD92C5F38B1e3306
768,0xb90ed4c123843cbFD66b11411Ee7694eF37E6E72
769,0x4A39Ae58b605102913Ac19b7c071dA75b55B2674
770,0x26692a0b0bdd22C8444e822f2Ca3C3B86b70619c
771,0x26692a0b0bdd22C8444e822f2Ca3C3B86b70619c
772,0x26692a0b0bdd22C8444e822f2Ca3C3B86b70619c
773,0xB86061aFA61Cd9a145af6138417f0f3997AE655E
774,0xb90ed4c123843cbFD66b11411Ee7694eF37E6E72
775,0x1D3A9a01d1476A1eEa9e230CB5Ae4ED3ccf0C041
776,0xDE6C922021e77D7E3E615331000370d9153dA9AB
777,0xB96863b5a9bb3783c5BA0665e4382b766746D6fa
778,0x628E74EAE7F91f0A6cde507726b219E4119ECd3B
779,0xB96863b5a9bb3783c5BA0665e4382b766746D6fa
780,0x637561FA339aea12d8BEdd7b65a9D6e5Da21B4e7
781,0x628E74EAE7F91f0A6cde507726b219E4119ECd3B
782,0x6853a596D6d7264D3622546dA3B891B6fe17eb82
783,0xdACAED41a37e60a4968C70CFBef8893C14dFA20c
784,0x9e908D548B4be83F21cd7c139Fdf65f0DA4d568e
785,0x837d29D2578c2263C3CFd0853b807e4385e1fc2F
786,0xaF423481bb944D161EC44e01C8C2015314Ba290B
787,0xaF423481bb944D161EC44e01C8C2015314Ba290B
788,0x6E92b35679A31006b46A72BA8B5275310F4F718b
789,0xaF423481bb944D161EC44e01C8C2015314Ba290B
790,0x89D1017342eb1C9E7B1090b32f44Ac6459324eaD
791,0xaF423481bb944D161EC44e01C8C2015314Ba290B
792,0x6837047F46Da1d5d9A79846b25810b92adF456F6
793,0x855821255AEa2c73117742d58F6f4f317B065972
794,0xd45b1F5bD0bAb33e4f13BbD2c1C9522D5e69DCBF
795,0x855821255AEa2c73117742d58F6f4f317B065972
796,0x855821255AEa2c73117742d58F6f4f317B065972
797,0x31e99699bCCde902afc7C4B6b23bB322b8459d22
798,0xFEd93F0Ad93fF25993274D8245a2bB2133de38C0
799,0xf6FA757E180A1D1D47465063d5058b804c636721
800,0x1139c7cbE9a337f6C6f127E3888c6C081B1F0228
801,0xA49958fa14309F3720159c83cD92C5F38B1e3306
802,0xA49958fa14309F3720159c83cD92C5F38B1e3306
803,0x87c3298BBF72ee60bdFf2E48dBd757199e970db8
804,0x87c3298BBF72ee60bdFf2E48dBd757199e970db8
805,0x87c3298BBF72ee60bdFf2E48dBd757199e970db8
806,0x87c3298BBF72ee60bdFf2E48dBd757199e970db8
807,0x87c3298BBF72ee60bdFf2E48dBd757199e970db8
808,0x87c3298BBF72ee60bdFf2E48dBd757199e970db8
809,0x87c3298BBF72ee60bdFf2E48dBd757199e970db8
810,0x87c3298BBF72ee60bdFf2E48dBd757199e970db8
811,0x31e99699bCCde902afc7C4B6b23bB322b8459d22
812,0x87c3298BBF72ee60bdFf2E48dBd757199e970db8
813,0x93cd108f0c9098d0bCa0aF4D8d0EA498957Ce310
814,0x09Efb12e73618447d8d140Ec0a66b6fA2d06DD35
815,0xA0647cb8fbcf3866aCC97D5424AbAD4B1a274210
816,0xb90ed4c123843cbFD66b11411Ee7694eF37E6E72
817,0xA0647cb8fbcf3866aCC97D5424AbAD4B1a274210
818,0xb90ed4c123843cbFD66b11411Ee7694eF37E6E72
819,0xA0647cb8fbcf3866aCC97D5424AbAD4B1a274210
820,0xA0647cb8fbcf3866aCC97D5424AbAD4B1a274210
821,0xA0647cb8fbcf3866aCC97D5424AbAD4B1a274210
822,0xb90ed4c123843cbFD66b11411Ee7694eF37E6E72
823,0xb90ed4c123843cbFD66b11411Ee7694eF37E6E72
824,0x7C59a1DDD7B8E5BA683941ea67b20B93864Ad8F9
825,0xF4319ee444e13eA77FCcB83460352E4456aeD292
826,0xE96FccC51560cAD9f712ed2bc9dE564F13B0D8c1
827,0x39032097b0681B539f5067Ed190A3F9A5dC7fbbb
828,0x8FB3E551AA3008976c9420b63ce058475577F2cB
829,0x39032097b0681B539f5067Ed190A3F9A5dC7fbbb
830,0x1BcB50980E0e1Be633EE2b1207532bd4F47E8BA7
831,0x39032097b0681B539f5067Ed190A3F9A5dC7fbbb
832,0x39032097b0681B539f5067Ed190A3F9A5dC7fbbb
833,0x94E3d321DDaeAbD8EB68413fe906b95Cb3a182D3
834,0x94E3d321DDaeAbD8EB68413fe906b95Cb3a182D3
835,0x73bB73196Fd2B7dCD00263293Ef4f0D2f4e63603
836,0xb0b667AC91133709828cD174d9ef60A6194BA080
837,0x726a683f8fad65C60125270aDbf7AF6E21b8A0f2
838,0xDbAF3cBF2A1685693548862c9235074351230775
839,0xB649A82FcD282466f0f86B03e5500f1Ae9EcdC5E
840,0xB649A82FcD282466f0f86B03e5500f1Ae9EcdC5E
841,0xB649A82FcD282466f0f86B03e5500f1Ae9EcdC5E
842,0xCe797b56F9637aaf4058C38093949AAfbf48Ef57
843,0x433B6089BADA67386AfD198F8D2D7533F14D078E
844,0xB649A82FcD282466f0f86B03e5500f1Ae9EcdC5E
845,0xB540D1051Aa40303ed05eeA8178Ac1A08757AFa9
846,0xB540D1051Aa40303ed05eeA8178Ac1A08757AFa9
847,0xF432e03A8679b8D71d4b5b00ecA5E97d9d55EB19
848,0x10F5d45854e038071485AC9e402308cF80D2d2fE
849,0x010F33540e157fa3891aEC07D79340f464348cFC
850,0x10F5d45854e038071485AC9e402308cF80D2d2fE
851,0xF432e03A8679b8D71d4b5b00ecA5E97d9d55EB19
852,0x10F5d45854e038071485AC9e402308cF80D2d2fE
853,0xB540D1051Aa40303ed05eeA8178Ac1A08757AFa9
854,0x10F5d45854e038071485AC9e402308cF80D2d2fE
855,0x10F5d45854e038071485AC9e402308cF80D2d2fE
856,0x10F5d45854e038071485AC9e402308cF80D2d2fE
857,0x49c08159de1ae3a8b2d5Cc7BAa9A23BA9E96910C
858,0x2b95AFF1B5f6e49627A67aDAF3baa0521438C3e2
859,0xB603BadE19edcd95A780151A694e8e57C15A066B
860,0x959Eb2b8B52bE60AC8D0f34f8e77e6d842f97379
861,0xB603BadE19edcd95A780151A694e8e57C15A066B
862,0x27E31356CdACae6B44103C026d020aCcA4C30239
863,0x6A3e11Eb1a49dB4503a2546f9046C6f62d51C513
864,0x6A3e11Eb1a49dB4503a2546f9046C6f62d51C513
865,0x6dfF1d922A97fDA351aAd8c5F7e8f69bE187E0a6
866,0xAc5914F52D77198d16B0Eaa6c976e48110ADce08
867,0x53BEbD20781Aaa3a831f45B3C6889010A706ff9f
868,0xDd7ebef0Dd3e90098ea21f94978B04E1c856D2D3
869,0x53BEbD20781Aaa3a831f45B3C6889010A706ff9f
870,0xAB81BE93F28664DaF0c1638b483e4f9D2539446e
871,0x0e72D33863e2c6C33f589884e9dc1A4f18181853
872,0xB630AbD9a5367763B7CBa316e870c4A54064CC9F
873,0x6B67623ff56c10d9dcFc2152425f90285fC74DDD
874,0x6B67623ff56c10d9dcFc2152425f90285fC74DDD
875,0xb90ed4c123843cbFD66b11411Ee7694eF37E6E72
876,0xb8f203a52262359A57737ebBa48723dfC56aEB23
877,0xb8f203a52262359A57737ebBa48723dfC56aEB23
878,0xb8f203a52262359A57737ebBa48723dfC56aEB23
879,0x2C79E40bF7cf305A4C28853Acb437FD975c503bb
880,0x2C79E40bF7cf305A4C28853Acb437FD975c503bb
881,0x90326fB170594cc50aA3c4578c19554F9174E924
882,0x840724F70D2DC236cDe4ba7AB53DF743Bd09FF83
883,0x6B67623ff56c10d9dcFc2152425f90285fC74DDD
884,0xB66190F67ed8f0ca790DdFE541ee1Bd0dA53fe70
885,0xB66190F67ed8f0ca790DdFE541ee1Bd0dA53fe70
886,0xB66190F67ed8f0ca790DdFE541ee1Bd0dA53fe70
887,0xB66190F67ed8f0ca790DdFE541ee1Bd0dA53fe70
888,0xc9eCBDD95cB85C58576FcE8BD051e9cAb7Ce6C8b
889,0xB66190F67ed8f0ca790DdFE541ee1Bd0dA53fe70
890,0xB66190F67ed8f0ca790DdFE541ee1Bd0dA53fe70
891,0xB66190F67ed8f0ca790DdFE541ee1Bd0dA53fe70
892,0xB66190F67ed8f0ca790DdFE541ee1Bd0dA53fe70
893,0xC5666b5c1F1077ae5c1A41D63efE8290Abb9E0F0
894,0xB66190F67ed8f0ca790DdFE541ee1Bd0dA53fe70
895,0x31e99699bCCde902afc7C4B6b23bB322b8459d22
896,0x726a683f8fad65C60125270aDbf7AF6E21b8A0f2
897,0x4A39Ae58b605102913Ac19b7c071dA75b55B2674
898,0x31004F28BAbDa1F632Cb445944892b04a411E7f7
899,0x8e96Ed8dF8086e7D9fa2E1a133D243655Bc950FF
900,0xD471B514e177476cf28259B260b0957a31205bAA
901,0x8e96Ed8dF8086e7D9fa2E1a133D243655Bc950FF
902,0x8e96Ed8dF8086e7D9fa2E1a133D243655Bc950FF
903,0x4025baaDb073d2A7A8C1A7a988d26b31C7Ea015b
904,0x010F33540e157fa3891aEC07D79340f464348cFC
905,0x8e96Ed8dF8086e7D9fa2E1a133D243655Bc950FF
906,0x8e96Ed8dF8086e7D9fa2E1a133D243655Bc950FF
907,0x40b767D119dbC81547cC13C6c55B6eD40A6506F1
908,0x8e96Ed8dF8086e7D9fa2E1a133D243655Bc950FF
909,0x8e96Ed8dF8086e7D9fa2E1a133D243655Bc950FF
910,0x8e96Ed8dF8086e7D9fa2E1a133D243655Bc950FF
911,0x8e96Ed8dF8086e7D9fa2E1a133D243655Bc950FF
912,0x8e96Ed8dF8086e7D9fa2E1a133D243655Bc950FF
913,0x34202f199ef058302DcceD326a0105fe2Db53E12
914,0xAc5914F52D77198d16B0Eaa6c976e48110ADce08
915,0xb90ed4c123843cbFD66b11411Ee7694eF37E6E72
916,0xe5F21BD34C97Fa043a7a6A61cC1892b89d483f19
917,0xaF423481bb944D161EC44e01C8C2015314Ba290B
918,0xaF423481bb944D161EC44e01C8C2015314Ba290B
919,0xaF423481bb944D161EC44e01C8C2015314Ba290B
920,0x27E832f46148e089d1529D1bA5087dbF1cCc29f2
921,0x7d42611012FDbE366Bf4A0481FC0E1aBf15E245A
922,0x7d42611012FDbE366Bf4A0481FC0E1aBf15E245A
923,0x27E832f46148e089d1529D1bA5087dbF1cCc29f2
924,0xb90ed4c123843cbFD66b11411Ee7694eF37E6E72
925,0x7d42611012FDbE366Bf4A0481FC0E1aBf15E245A
926,0x7d42611012FDbE366Bf4A0481FC0E1aBf15E245A
927,0xeE50e712c9aFA8d3781510D958D9E75681B0e8CB
928,0x27E832f46148e089d1529D1bA5087dbF1cCc29f2
929,0x49c08159de1ae3a8b2d5Cc7BAa9A23BA9E96910C
930,0xaF423481bb944D161EC44e01C8C2015314Ba290B
931,0xFC51eC7a147C1fCcDA2732229CBe2fb3A6124975
932,0xb90ed4c123843cbFD66b11411Ee7694eF37E6E72
933,0xb90ed4c123843cbFD66b11411Ee7694eF37E6E72
934,0x5d0eD5EB34C3De684E6C720892201c11F11C7bB0
935,0xb90ed4c123843cbFD66b11411Ee7694eF37E6E72
936,0x5d0eD5EB34C3De684E6C720892201c11F11C7bB0
937,0xb90ed4c123843cbFD66b11411Ee7694eF37E6E72
938,0xb90ed4c123843cbFD66b11411Ee7694eF37E6E72
939,0x5d0eD5EB34C3De684E6C720892201c11F11C7bB0
940,0x913735E6D76b6b954CA799511244FF430CdA642f
941,0x5d0eD5EB34C3De684E6C720892201c11F11C7bB0
942,0x5d0eD5EB34C3De684E6C720892201c11F11C7bB0
943,0x3168A9334C9106bCc947B4Ac0818EB1613b91e64
944,0xD471B514e177476cf28259B260b0957a31205bAA
945,0xE9A51fBFfBB58cd6ec0EEc147bE3EffF7EbDfDac
946,0x31e99699bCCde902afc7C4B6b23bB322b8459d22
947,0x616c7abC3576Ee79E3A09A1C4C19A86Bf2dDc15e
948,0x734ecFB21ef666e9D8c171E37F6B5FD06712a3a0
949,0x0eF65a93a6C2F169f340f6AD18F95Cd2c3229DCB
950,0x734ecFB21ef666e9D8c171E37F6B5FD06712a3a0
951,0x262e6fa1CF63768C3C59D30b5A831795D22a716E
952,0xb90ed4c123843cbFD66b11411Ee7694eF37E6E72
953,0x4F1F761bc89ABF7B003568F2A5Ba97667103ff5f
954,0x4F1F761bc89ABF7B003568F2A5Ba97667103ff5f
955,0x4F1F761bc89ABF7B003568F2A5Ba97667103ff5f
956,0x81B725b97117D6c96c7CB7265b140E9A9b57a290
957,0x31004F28BAbDa1F632Cb445944892b04a411E7f7
958,0x31004F28BAbDa1F632Cb445944892b04a411E7f7
959,0x0fcCa58e15D6c2F2E092ea79096bcD3ad9ef584c
960,0x628E74EAE7F91f0A6cde507726b219E4119ECd3B
961,0xAB81BE93F28664DaF0c1638b483e4f9D2539446e
962,0x0B4a2875bd7F68b81E650a4833291098b811362C
963,0x90326fB170594cc50aA3c4578c19554F9174E924
964,0x2cab11905593b47BBDe0a579f586bA76f7AE18a5
965,0x2cab11905593b47BBDe0a579f586bA76f7AE18a5
966,0x7Ec2B8003e8066074364fb31aA0501112508E97E
967,0x010F33540e157fa3891aEC07D79340f464348cFC
968,0xb90ed4c123843cbFD66b11411Ee7694eF37E6E72
969,0x4BDb5C231cD23C4b700466B82E03858755A86abA
970,0x7c0EEB6aa88521cFb1b2aeADb58a2db7a07680d5
971,0xD492c4971eF568F33a1255a8B346f572ba65173b
972,0x010F33540e157fa3891aEC07D79340f464348cFC
973,0x73bB73196Fd2B7dCD00263293Ef4f0D2f4e63603
974,0x31004F28BAbDa1F632Cb445944892b04a411E7f7
975,0x94E3d321DDaeAbD8EB68413fe906b95Cb3a182D3
976,0xb90ed4c123843cbFD66b11411Ee7694eF37E6E72
977,0x27E832f46148e089d1529D1bA5087dbF1cCc29f2
978,0xb90ed4c123843cbFD66b11411Ee7694eF37E6E72
979,0xB3C0bC50b421Ba2106b8d358d9CBE13EFc096418
980,0xB3C0bC50b421Ba2106b8d358d9CBE13EFc096418
981,0x94C47ed35fD041953352cD483b66ad1DBA05E31F
982,0x27E832f46148e089d1529D1bA5087dbF1cCc29f2
983,0x419DAd51CA1ea37AC6dB47F07b6fE9Fb57fb8316
984,0xF1C34d739Ae1dAE7A22eDBbD45e07c414506242f
985,0xC5666b5c1F1077ae5c1A41D63efE8290Abb9E0F0
986,0x1D3A9a01d1476A1eEa9e230CB5Ae4ED3ccf0C041
987,0xFAf60E584b4137D902622198449D91Cee90bA24d
988,0x115e431DcB7fD55e87905F3Ea5c39b5E7a1Ceb89
989,0x31e99699bCCde902afc7C4B6b23bB322b8459d22
990,0xB050f6D9637dB421baF91028c94227E1972Dbf0E
991,0xB050f6D9637dB421baF91028c94227E1972Dbf0E
992,0x10F5d45854e038071485AC9e402308cF80D2d2fE
993,0x10F5d45854e038071485AC9e402308cF80D2d2fE
994,0x10F5d45854e038071485AC9e402308cF80D2d2fE
995,0x18aEFE5705cBc18a1cA35ee341cB1Fe3C2d161C8
996,0x18aEFE5705cBc18a1cA35ee341cB1Fe3C2d161C8
997,0x721d33bF4029c84DBeDfC328a0292ea99CdfAA0C
998,0x4003EC66153c090ed649CE822E30CaBa11727527
999,0xD471B514e177476cf28259B260b0957a31205bAA
1000,0x036403FBfe5e7349f09cb1b2275E4a652EA565D4
1001,0x34202f199ef058302DcceD326a0105fe2Db53E12
1002,0xcAb81F14A3Fc98034a05bAb30f8D0E53e978c833
1003,0x036403FBfe5e7349f09cb1b2275E4a652EA565D4
1004,0xb90ed4c123843cbFD66b11411Ee7694eF37E6E72
1005,0xBeBBE491E0f9422f427e8Ca45fDC3575aa258D18
1006,0xaab2A5430398bD03080a4106C85BB2B4a7777a0f
1007,0xaab2A5430398bD03080a4106C85BB2B4a7777a0f
1008,0x0fcCa58e15D6c2F2E092ea79096bcD3ad9ef584c
1009,0xaab2A5430398bD03080a4106C85BB2B4a7777a0f
1010,0xaab2A5430398bD03080a4106C85BB2B4a7777a0f
1011,0xaab2A5430398bD03080a4106C85BB2B4a7777a0f
1012,0xaab2A5430398bD03080a4106C85BB2B4a7777a0f
1013,0xb90ed4c123843cbFD66b11411Ee7694eF37E6E72
1014,0xB630AbD9a5367763B7CBa316e870c4A54064CC9F
1015,0x2Fb523a295a3b194Ee24Dc358BA98865E61Af6DE
1016,0xda3c325aB45b30AeB476B026FE6A777443cA04f3
1017,0x50a1BeFceF227C9A48cC4C3e145baD4dEfc1C69F
1018,0x4A39Ae58b605102913Ac19b7c071dA75b55B2674
1019,0xdA0BC2b8162E0DC99aEAA1511320Cc22a6394969
1020,0x616c7abC3576Ee79E3A09A1C4C19A86Bf2dDc15e
1021,0xd0A8E9BFFfF63903243454F001e38E2E39EfAd95
1022,0xAc5914F52D77198d16B0Eaa6c976e48110ADce08
1023,0x40b767D119dbC81547cC13C6c55B6eD40A6506F1
1024,0xb0253c9C270A2C46BE487d366aa9b25BebCb0c1E
1025,0xb0253c9C270A2C46BE487d366aa9b25BebCb0c1E
1026,0x419DAd51CA1ea37AC6dB47F07b6fE9Fb57fb8316
1027,0x6Ec2997Cf35457daA9de4CDC989c697d921b5285
1028,0xE7b25a8aB435C4f8a0d056EdDA7ba450A9999285
1029,0x997D410b26CdD17b0750F2c1751e59cBcfaE446f
1030,0x6Ec2997Cf35457daA9de4CDC989c697d921b5285
1031,0x31004F28BAbDa1F632Cb445944892b04a411E7f7
1032,0x6Ec2997Cf35457daA9de4CDC989c697d921b5285
1033,0xCd5FE746D6Af082BaAd7BFD8A7B46e0571867b2D
1034,0x6B67623ff56c10d9dcFc2152425f90285fC74DDD
1035,0x6B67623ff56c10d9dcFc2152425f90285fC74DDD
1036,0x6B67623ff56c10d9dcFc2152425f90285fC74DDD
1037,0x6B67623ff56c10d9dcFc2152425f90285fC74DDD
1038,0x6B67623ff56c10d9dcFc2152425f90285fC74DDD
1039,0xaF423481bb944D161EC44e01C8C2015314Ba290B
1040,0x6B67623ff56c10d9dcFc2152425f90285fC74DDD
1041,0x228822581CB5A26F89a2aBBDFEb9ac1A635316a1
1042,0x9a4B19606bDe2B203859698544F6E26903dCA8aD
1043,0x6B67623ff56c10d9dcFc2152425f90285fC74DDD
1044,0x6B67623ff56c10d9dcFc2152425f90285fC74DDD
1045,0xFC51eC7a147C1fCcDA2732229CBe2fb3A6124975
1046,0xaF423481bb944D161EC44e01C8C2015314Ba290B
1047,0x6B67623ff56c10d9dcFc2152425f90285fC74DDD
1048,0x4654F56a64301b9b582F843F97332D96Ead11FF8
1049,0x4654F56a64301b9b582F843F97332D96Ead11FF8
1050,0x4654F56a64301b9b582F843F97332D96Ead11FF8
1051,0x4654F56a64301b9b582F843F97332D96Ead11FF8
1052,0x1C78e1c4345c6321Cb7596FC67eE00Fc8CFf0a94
1053,0x6B67623ff56c10d9dcFc2152425f90285fC74DDD
1054,0xb90ed4c123843cbFD66b11411Ee7694eF37E6E72
1055,0x49c08159de1ae3a8b2d5Cc7BAa9A23BA9E96910C
1056,0x6B67623ff56c10d9dcFc2152425f90285fC74DDD
1057,0x1f7997BcCF4FD27Fd6C9d4d503d4B3824072b1D0
1058,0xb90ed4c123843cbFD66b11411Ee7694eF37E6E72
1059,0x3fFA1c6E255B962b2F0De4EfD83e03419573bC38
1060,0xb90ed4c123843cbFD66b11411Ee7694eF37E6E72
1061,0x3fFA1c6E255B962b2F0De4EfD83e03419573bC38
1062,0x38B2739bCB869494cc7953c79c97E3bcaD7eaC04
1063,0x16Cc3b2b4cbBe56a4dF107eC4946CE3AFA009AA2
1064,0xd17d1BcDe2A28AaDe2b3B5012f93b8B079d0E86B
1065,0xaA4f4217fB74f6e7F846ACbCB1eD4465F9660543
1066,0x1f7997BcCF4FD27Fd6C9d4d503d4B3824072b1D0
1067,0xEC13A64c20DFeA7F187EBb50dfB11F53f5d726D9
1068,0xEC13A64c20DFeA7F187EBb50dfB11F53f5d726D9
1069,0x628E74EAE7F91f0A6cde507726b219E4119ECd3B
1070,0x94dd12F273E34fC780538522c6bc63006fd432Fb
1071,0x94dd12F273E34fC780538522c6bc63006fd432Fb
1072,0xb90ed4c123843cbFD66b11411Ee7694eF37E6E72
1073,0x5502e6Ba57b83663d4E9040eAd18266E5a1dfB6e
1074,0x5502e6Ba57b83663d4E9040eAd18266E5a1dfB6e
1075,0x00cDa37BfC3Dd20349Aa901Fe8646688218d8772
1076,0x31004F28BAbDa1F632Cb445944892b04a411E7f7
1077,0xaF423481bb944D161EC44e01C8C2015314Ba290B
1078,0x31004F28BAbDa1F632Cb445944892b04a411E7f7
1079,0xaF423481bb944D161EC44e01C8C2015314Ba290B
1080,0x27E832f46148e089d1529D1bA5087dbF1cCc29f2
1081,0x16Cc3b2b4cbBe56a4dF107eC4946CE3AFA009AA2
1082,0xdDa86854D41B0E672d65e7Ad8e1Ab0AAc841C671
1083,0xdDa86854D41B0E672d65e7Ad8e1Ab0AAc841C671
1084,0xdDa86854D41B0E672d65e7Ad8e1Ab0AAc841C671
1085,0xaF423481bb944D161EC44e01C8C2015314Ba290B
1086,0xdDa86854D41B0E672d65e7Ad8e1Ab0AAc841C671
1087,0xdDa86854D41B0E672d65e7Ad8e1Ab0AAc841C671
1088,0xdDa86854D41B0E672d65e7Ad8e1Ab0AAc841C671
1089,0xdDa86854D41B0E672d65e7Ad8e1Ab0AAc841C671
1090,0xdDa86854D41B0E672d65e7Ad8e1Ab0AAc841C671
1091,0xdDa86854D41B0E672d65e7Ad8e1Ab0AAc841C671
1092,0xdDa86854D41B0E672d65e7Ad8e1Ab0AAc841C671
1093,0xdDa86854D41B0E672d65e7Ad8e1Ab0AAc841C671
1094,0xdDa86854D41B0E672d65e7Ad8e1Ab0AAc841C671
1095,0xdDa86854D41B0E672d65e7Ad8e1Ab0AAc841C671
1096,0xaF423481bb944D161EC44e01C8C2015314Ba290B
1097,0x73bB73196Fd2B7dCD00263293Ef4f0D2f4e63603
1098,0x94E3d321DDaeAbD8EB68413fe906b95Cb3a182D3
1099,0x101419E2d84470d900C41B86974B5912C92f01FE
1100,0x31e99699bCCde902afc7C4B6b23bB322b8459d22
1101,0x1D3A9a01d1476A1eEa9e230CB5Ae4ED3ccf0C041
1102,0xf8E9e27e820f1d544a8cf5a25213db7fE4f1d61E
1103,0x010F33540e157fa3891aEC07D79340f464348cFC
1104,0xb90ed4c123843cbFD66b11411Ee7694eF37E6E72
1105,0x403AfDf9Ea925D3b48E719a44610da1679a57651
1106,0x8FB3E551AA3008976c9420b63ce058475577F2cB
1107,0x34a2438811B7Dd3d14aca7F31542d4666E4C37Ea
1108,0xaF423481bb944D161EC44e01C8C2015314Ba290B
1109,0x285b7EEa81a5B66B62e7276a24c1e0F83F7409c1
1110,0xFC51eC7a147C1fCcDA2732229CBe2fb3A6124975
1111,0x285b7EEa81a5B66B62e7276a24c1e0F83F7409c1
1112,0xFC51eC7a147C1fCcDA2732229CBe2fb3A6124975
1113,0x285b7EEa81a5B66B62e7276a24c1e0F83F7409c1
1114,0xcEa052363B3622FEe9f51B62Bd1630C9d96295dB
1115,0xcEa052363B3622FEe9f51B62Bd1630C9d96295dB
1116,0xcEa052363B3622FEe9f51B62Bd1630C9d96295dB
1117,0x03F11c7a45BA8219C87f312EEcB07287C2095302
1118,0xA13080681E82035589f21704b59353a760561149
1119,0x03F11c7a45BA8219C87f312EEcB07287C2095302
1120,0xaF423481bb944D161EC44e01C8C2015314Ba290B
1121,0xA13080681E82035589f21704b59353a760561149
1122,0xcEa052363B3622FEe9f51B62Bd1630C9d96295dB
1123,0xcEa052363B3622FEe9f51B62Bd1630C9d96295dB
1124,0xc965d46b04EAEa6Fe7F31a4F88bB7398A30241e5
1125,0xA13080681E82035589f21704b59353a760561149
1126,0xc965d46b04EAEa6Fe7F31a4F88bB7398A30241e5
1127,0xce2aB1f9Ea8aD1795e7F7d177064EfC64F8Ce2AD
1128,0x1F92fC15bCbEB4dD24EeFbead8d7aeE409f891DC
1129,0xc965d46b04EAEa6Fe7F31a4F88bB7398A30241e5
1130,0x981bE9436190C6f06cFdE703f384D6fBfaa015Ca
1131,0x981bE9436190C6f06cFdE703f384D6fBfaa015Ca
1132,0xb90ed4c123843cbFD66b11411Ee7694eF37E6E72
1133,0x6dfF1d922A97fDA351aAd8c5F7e8f69bE187E0a6
1134,0xce2aB1f9Ea8aD1795e7F7d177064EfC64F8Ce2AD
1135,0x51360d99966724B2603182cC367AB9621d96EEd2
1136,0xb90ed4c123843cbFD66b11411Ee7694eF37E6E72
1137,0x7348874721FB51F5fE78843b3af60328474dFc61
1138,0x51360d99966724B2603182cC367AB9621d96EEd2
1139,0x51360d99966724B2603182cC367AB9621d96EEd2
1140,0x51360d99966724B2603182cC367AB9621d96EEd2
1141,0x6dfF1d922A97fDA351aAd8c5F7e8f69bE187E0a6
1142,0x51360d99966724B2603182cC367AB9621d96EEd2
1143,0x51360d99966724B2603182cC367AB9621d96EEd2
1144,0xB630AbD9a5367763B7CBa316e870c4A54064CC9F
1145,0x40b767D119dbC81547cC13C6c55B6eD40A6506F1
1146,0x90f1399bBebc07AFB9b83709413EEBa351Ac645B
1147,0xC750a405983A615c09e52541E3Fef805a91F8d15
1148,0xC750a405983A615c09e52541E3Fef805a91F8d15
1149,0xC750a405983A615c09e52541E3Fef805a91F8d15
1150,0x1f7997BcCF4FD27Fd6C9d4d503d4B3824072b1D0
1151,0xb56AE8A727Cf38f1F4716AeDa6749d2aF340d8F4
1152,0xC750a405983A615c09e52541E3Fef805a91F8d15
1153,0x3C2C6FC98afB9D7D8f3D384D4ecdA2769F29AC66
1154,0x3C2C6FC98afB9D7D8f3D384D4ecdA2769F29AC66
1155,0xC750a405983A615c09e52541E3Fef805a91F8d15
1156,0x4bacb7664404f1a6157d37EA2dCD1669A556d562
1157,0x628E74EAE7F91f0A6cde507726b219E4119ECd3B
1158,0xEeFC49b3247b605441B8c6Ca541d3769A77ea3d7
1159,0x31004F28BAbDa1F632Cb445944892b04a411E7f7
1160,0xb90ed4c123843cbFD66b11411Ee7694eF37E6E72
1161,0x1B97eBfa8f9600840e08861459f6cCd25a95b8F5
1162,0x1B97eBfa8f9600840e08861459f6cCd25a95b8F5
1163,0x1B97eBfa8f9600840e08861459f6cCd25a95b8F5
1164,0x1B97eBfa8f9600840e08861459f6cCd25a95b8F5
1165,0x5618051a40bBeCB9176f9e117f994ac6EdE09a54
1166,0x5618051a40bBeCB9176f9e117f994ac6EdE09a54
1167,0x5618051a40bBeCB9176f9e117f994ac6EdE09a54
1168,0x5618051a40bBeCB9176f9e117f994ac6EdE09a54
1169,0x5618051a40bBeCB9176f9e117f994ac6EdE09a54
1170,0x5618051a40bBeCB9176f9e117f994ac6EdE09a54
1171,0x5618051a40bBeCB9176f9e117f994ac6EdE09a54
1172,0x5618051a40bBeCB9176f9e117f994ac6EdE09a54
1173,0x5618051a40bBeCB9176f9e117f994ac6EdE09a54
1174,0x5618051a40bBeCB9176f9e117f994ac6EdE09a54
1175,0xEd5957c426D46b979455CdE5178352660232C4de
1176,0xF4319ee444e13eA77FCcB83460352E4456aeD292
1177,0x9b848370417C9f525d9168f2Aa91A2Cd819240E8
1178,0x1D3A9a01d1476A1eEa9e230CB5Ae4ED3ccf0C041
1179,0x16Cc3b2b4cbBe56a4dF107eC4946CE3AFA009AA2
1180,0x31e99699bCCde902afc7C4B6b23bB322b8459d22
1181,0x73bB73196Fd2B7dCD00263293Ef4f0D2f4e63603
1182,0x6816D223F6dEf076918f42c1a637cBbbb8C2Ee63
1183,0xb90ed4c123843cbFD66b11411Ee7694eF37E6E72
1184,0xb90ed4c123843cbFD66b11411Ee7694eF37E6E72
1185,0x94E3d321DDaeAbD8EB68413fe906b95Cb3a182D3
1186,0x94E3d321DDaeAbD8EB68413fe906b95Cb3a182D3
1187,0x94E3d321DDaeAbD8EB68413fe906b95Cb3a182D3
1188,0xb90ed4c123843cbFD66b11411Ee7694eF37E6E72
1189,0xb90ed4c123843cbFD66b11411Ee7694eF37E6E72
1190,0x8FB3E551AA3008976c9420b63ce058475577F2cB
1191,0xA698cAdE532Bf7491F0F887284f8E10E2De97198
1192,0xA698cAdE532Bf7491F0F887284f8E10E2De97198
1193,0xA698cAdE532Bf7491F0F887284f8E10E2De97198
1194,0xA698cAdE532Bf7491F0F887284f8E10E2De97198
1195,0xFEd93F0Ad93fF25993274D8245a2bB2133de38C0
1196,0xc3eCD2eac597205596D2fAAE061cb8eFa69B31b9
1197,0x31004F28BAbDa1F632Cb445944892b04a411E7f7
1198,0xb90ed4c123843cbFD66b11411Ee7694eF37E6E72
1199,0x842A0bd434377f771770f2870961BC49742D9435
1200,0xb90ed4c123843cbFD66b11411Ee7694eF37E6E72
1201,0xb90ed4c123843cbFD66b11411Ee7694eF37E6E72
1202,0xb90ed4c123843cbFD66b11411Ee7694eF37E6E72
1203,0xb90ed4c123843cbFD66b11411Ee7694eF37E6E72
1204,0x02C1ca960532947A45d40A752944cd9648cCF900
1205,0xB4da20397Ea45fdC17C2122d35C0b8328f15D650
1206,0x1f7997BcCF4FD27Fd6C9d4d503d4B3824072b1D0
1207,0x51360d99966724B2603182cC367AB9621d96EEd2
1208,0x8FB3E551AA3008976c9420b63ce058475577F2cB
1209,0xcf88FA6eE6D111b04bE9b06ef6fAD6bD6691B88c
1210,0xB66190F67ed8f0ca790DdFE541ee1Bd0dA53fe70
1211,0xEdC8A7204873071ccA464ED3AC68DEC4C69AfEA4
1212,0xfB7cE7b78Cc7356664D42C43216eBB6c7e49B627
1213,0xe0D209b7324d982BACb757F724EbE00a9792aC28
1214,0xB630AbD9a5367763B7CBa316e870c4A54064CC9F
1215,0xD4B23B54314F2E038D089D6Fa6e7614415927DBC
1216,0x4A39Ae58b605102913Ac19b7c071dA75b55B2674
1217,0xe0D209b7324d982BACb757F724EbE00a9792aC28
1218,0xb0102FE8f7575caA84dfa2f41411b764D5DDAdFF
1219,0xb90ed4c123843cbFD66b11411Ee7694eF37E6E72
1220,0xD4B23B54314F2E038D089D6Fa6e7614415927DBC
1221,0xD4B23B54314F2E038D089D6Fa6e7614415927DBC
1222,0x1Be15d742F1E454302753C55d429c0be169cc6bC
1223,0xaF423481bb944D161EC44e01C8C2015314Ba290B
1224,0x5618051a40bBeCB9176f9e117f994ac6EdE09a54
1225,0x50086e7948eD79eD7e586d81666A095733A4fEE0
1226,0xf7BF24Cfed3467Bae5c81B43bE3daD18122BdD2a
1227,0x0E10d178333BD38285E0f12109757CE34de59AcD
1228,0xb90ed4c123843cbFD66b11411Ee7694eF37E6E72
1229,0xA698cAdE532Bf7491F0F887284f8E10E2De97198
1230,0xaF423481bb944D161EC44e01C8C2015314Ba290B
1231,0xaF423481bb944D161EC44e01C8C2015314Ba290B
1232,0xee64aCb6575a70175C4f54461446a09060d00546
1233,0xdACAED41a37e60a4968C70CFBef8893C14dFA20c
1234,0xdACAED41a37e60a4968C70CFBef8893C14dFA20c
1235,0xdACAED41a37e60a4968C70CFBef8893C14dFA20c
1236,0xa8A9Ae583D5cE4e77918667097F5BBB0bd3Ad273
1237,0xa8A9Ae583D5cE4e77918667097F5BBB0bd3Ad273
1238,0xb90ed4c123843cbFD66b11411Ee7694eF37E6E72
1239,0xE9A51fBFfBB58cd6ec0EEc147bE3EffF7EbDfDac
1240,0xE9A51fBFfBB58cd6ec0EEc147bE3EffF7EbDfDac
1241,0xE9A51fBFfBB58cd6ec0EEc147bE3EffF7EbDfDac
1242,0x302A226721914743e370F230B62e7B97bAb535e5
1243,0x262e6fa1CF63768C3C59D30b5A831795D22a716E
1244,0x1f7997BcCF4FD27Fd6C9d4d503d4B3824072b1D0
1245,0xaF423481bb944D161EC44e01C8C2015314Ba290B
1246,0x5618051a40bBeCB9176f9e117f994ac6EdE09a54
1247,0x5618051a40bBeCB9176f9e117f994ac6EdE09a54
1248,0x5618051a40bBeCB9176f9e117f994ac6EdE09a54
1249,0x5618051a40bBeCB9176f9e117f994ac6EdE09a54
1250,0xb90ed4c123843cbFD66b11411Ee7694eF37E6E72
1251,0x9b848370417C9f525d9168f2Aa91A2Cd819240E8
1252,0x1edc29F0F24df77323e758F4eEb63A075Fe25d00
1253,0x1edc29F0F24df77323e758F4eEb63A075Fe25d00
1254,0x1edc29F0F24df77323e758F4eEb63A075Fe25d00
1255,0xD7BF003029ed0C4A5D10f3B0201303412a473af3
1256,0x1edc29F0F24df77323e758F4eEb63A075Fe25d00
1257,0x1edc29F0F24df77323e758F4eEb63A075Fe25d00
1258,0xD7BF003029ed0C4A5D10f3B0201303412a473af3
1259,0x1edc29F0F24df77323e758F4eEb63A075Fe25d00
1260,0x1edc29F0F24df77323e758F4eEb63A075Fe25d00
1261,0x1edc29F0F24df77323e758F4eEb63A075Fe25d00
1262,0x0B4a2875bd7F68b81E650a4833291098b811362C
1263,0x73bB73196Fd2B7dCD00263293Ef4f0D2f4e63603
1264,0x317A2E1c46A3Be7C8de506185031581C5B6fcF0f
1265,0x94E3d321DDaeAbD8EB68413fe906b95Cb3a182D3
1266,0x94E3d321DDaeAbD8EB68413fe906b95Cb3a182D3
1267,0xF4319ee444e13eA77FCcB83460352E4456aeD292
1268,0xD7BF003029ed0C4A5D10f3B0201303412a473af3
1269,0x1D3A9a01d1476A1eEa9e230CB5Ae4ED3ccf0C041
1270,0xA698cAdE532Bf7491F0F887284f8E10E2De97198
1271,0x252641Ee227bD18D874c94a6e4429AE9BA2D8DDd
1272,0x342cD0e754BD5960B7C2bc5325375b567217218a
1273,0x49E6357E3972638bcAeff4a92c25b711ec71A94b
1274,0x31e99699bCCde902afc7C4B6b23bB322b8459d22
1275,0xC0433E632e12048d94C72676F8eA7ec497FD868c
1276,0xb90ed4c123843cbFD66b11411Ee7694eF37E6E72